ID,First Name,Middle Name,Last Name,Name Suffix,Birthday,Email Address,Customer Id,Customer Name,Roles 1 Role,Enabled,Confirmed,Owner Id,Website Id
1,Marco,Gander,Postance,III,6/22/1965,mpostance0@de.vu,1,,ROLE_FRONTEND_BUYER,1,0,1,1
2,Mariam,Griswood,Doyley,Jr,10/19/1960,mdoyley1@yellowpages.com,2,,ROLE_FRONTEND_BUYER,0,0,1,1
3,Agnes,O'Fallon,Orridge,Sr,9/20/1997,aorridge2@biblegateway.com,3,,ROLE_FRONTEND_BUYER,0,0,1,1
4,Theresina,Helmke,Czadla,III,1/23/1961,tczadla3@gizmodo.com,4,,ROLE_FRONTEND_BUYER,1,0,1,1
5,Ophelie,Currie,Parvin,IV,3/21/1984,oparvin4@com.com,5,,ROLE_FRONTEND_BUYER,0,0,1,1
6,Mickie,Diviney,Kield,Sr,8/12/1992,mkield5@wikia.com,6,,ROLE_FRONTEND_BUYER,1,0,1,1
7,Stephani,Barron,Stede,II,2/10/1995,sstede6@dailymail.co.uk,7,,ROLE_FRONTEND_BUYER,0,1,1,1
8,Ronda,Bulch,Chrestien,Jr,10/4/1974,rchrestien7@is.gd,8,,ROLE_FRONTEND_BUYER,0,1,1,1
9,Alleen,Gerritzen,Eva,III,7/28/1966,aeva8@reddit.com,9,,ROLE_FRONTEND_BUYER,0,0,1,1
10,Iona,Stephenson,Resdale,Jr,1/19/1988,iresdale9@blinklist.com,10,,ROLE_FRONTEND_BUYER,1,1,1,1
11,Elysia,Fairbrother,Innocenti,Jr,5/21/1977,einnocentia@samsung.com,11,,ROLE_FRONTEND_BUYER,0,1,1,1
12,Yovonnda,Attwoul,Dyter,II,8/28/1963,ydyterb@mashable.com,12,,ROLE_FRONTEND_BUYER,1,1,1,1
13,Inger,Jonathon,Maletratt,Sr,5/1/1972,imaletrattc@mozilla.org,13,,ROLE_FRONTEND_BUYER,0,0,1,1
14,Mayer,Lewinton,Lilleyman,IV,10/29/1998,mlilleymand@cocolog-nifty.com,14,,ROLE_FRONTEND_BUYER,0,0,1,1
15,Caty,Sayre,Saunter,Sr,7/21/1983,csauntere@who.int,15,,ROLE_FRONTEND_BUYER,0,0,1,1
16,Derron,Clemintoni,Valentinuzzi,Jr,2/21/1988,dvalentinuzzif@netscape.com,16,,ROLE_FRONTEND_BUYER,0,1,1,1
17,Arch,Storch,Risely,IV,3/24/2000,ariselyg@howstuffworks.com,17,,ROLE_FRONTEND_BUYER,1,0,1,1
18,Jessee,Dade,McIlvenna,II,6/20/1979,jmcilvennah@patch.com,18,,ROLE_FRONTEND_BUYER,1,0,1,1
19,Lorrayne,Schimke,Riccardo,Jr,8/12/1993,lriccardoi@blinklist.com,19,,ROLE_FRONTEND_BUYER,1,0,1,1
20,Clint,Wedmore,de Clerk,IV,5/29/1988,cdeclerkj@washingtonpost.com,20,,ROLE_FRONTEND_BUYER,0,1,1,1
21,Stirling,Claughton,Tratton,II,12/20/1998,strattonk@earthlink.net,21,,ROLE_FRONTEND_BUYER,1,0,1,1
22,Guss,Issatt,Leys,II,1/10/1988,gleysl@meetup.com,22,,ROLE_FRONTEND_BUYER,0,1,1,1
23,Rance,Gogarty,Bewsey,Sr,10/6/1966,rbewseym@umn.edu,23,,ROLE_FRONTEND_BUYER,0,0,1,1
24,Steve,Hicklingbottom,Vogelein,II,4/24/1976,svogeleinn@berkeley.edu,24,,ROLE_FRONTEND_BUYER,0,1,1,1
25,Alister,Elia,Huggins,II,8/7/1963,ahugginso@bbb.org,25,,ROLE_FRONTEND_BUYER,1,1,1,1
26,Cleve,Terrington,Kinkaid,Jr,7/29/1969,ckinkaidp@slate.com,26,,ROLE_FRONTEND_BUYER,0,0,1,1
27,Estell,Brash,Hekkert,Sr,5/8/1982,ehekkertq@europa.eu,27,,ROLE_FRONTEND_BUYER,0,0,1,1
28,Darcie,Arundale,Guisler,Jr,4/12/2000,dguislerr@multiply.com,28,,ROLE_FRONTEND_BUYER,1,0,1,1
29,Christa,Jiri,Mateuszczyk,II,1/5/1993,cmateuszczyks@shop-pro.jp,29,,ROLE_FRONTEND_BUYER,0,1,1,1
30,Addie,D'Errico,Grimsey,Sr,6/15/1971,agrimseyt@marriott.com,30,,ROLE_FRONTEND_BUYER,1,1,1,1
31,Alexina,Haskey,Loft,Jr,12/6/1960,aloftu@fc2.com,31,,ROLE_FRONTEND_BUYER,1,0,1,1
32,Yolanthe,Rogeon,Guswell,Jr,6/23/1974,yguswellv@delicious.com,32,,ROLE_FRONTEND_BUYER,0,1,1,1
33,Britta,Learoid,Camacke,III,3/20/1995,bcamackew@apache.org,33,,ROLE_FRONTEND_BUYER,1,1,1,1
34,Jeffie,Loffill,Riccard,III,1/24/1997,jriccardx@topsy.com,34,,ROLE_FRONTEND_BUYER,0,0,1,1
35,Pammy,Tillett,Gligori,II,12/29/1986,pgligoriy@ebay.com,35,,ROLE_FRONTEND_BUYER,0,0,1,1
36,Elia,McElvogue,Sargeaunt,Jr,9/12/1982,esargeauntz@marriott.com,36,,ROLE_FRONTEND_BUYER,0,0,1,1
37,Zacharia,Haydock,Symms,III,6/12/1988,zsymms10@eventbrite.com,37,,ROLE_FRONTEND_BUYER,0,0,1,1
38,Dickie,Oene,Betchley,Sr,3/19/2000,dbetchley11@freewebs.com,38,,ROLE_FRONTEND_BUYER,0,0,1,1
39,Rossy,Domeny,Grix,Sr,1/29/1989,rgrix12@accuweather.com,39,,ROLE_FRONTEND_BUYER,0,1,1,1
40,Massimiliano,Kees,Giannassi,II,11/10/1960,mgiannassi13@multiply.com,40,,ROLE_FRONTEND_BUYER,0,1,1,1
41,Corissa,Limon,Northway,III,7/26/1997,cnorthway14@youku.com,41,,ROLE_FRONTEND_BUYER,0,1,1,1
42,Nevins,Rieme,Harraway,IV,10/14/1974,nharraway15@abc.net.au,42,,ROLE_FRONTEND_BUYER,1,0,1,1
43,Kameko,Rilton,Ohms,Sr,2/26/1993,kohms16@msn.com,43,,ROLE_FRONTEND_BUYER,1,1,1,1
44,Margeaux,McGiff,Ollarenshaw,Jr,7/25/1984,mollarenshaw17@bluehost.com,44,,ROLE_FRONTEND_BUYER,1,1,1,1
45,Farley,Siley,Infantino,III,10/19/1963,finfantino18@multiply.com,45,,ROLE_FRONTEND_BUYER,1,0,1,1
46,Rolf,Bassford,Mirrlees,Jr,3/26/1992,rmirrlees19@arizona.edu,46,,ROLE_FRONTEND_BUYER,1,1,1,1
47,Lula,Roocroft,Eccleston,IV,6/3/1973,leccleston1a@slideshare.net,47,,ROLE_FRONTEND_BUYER,1,0,1,1
48,Janina,Muston,Harbach,IV,8/6/1980,jharbach1b@dagondesign.com,48,,ROLE_FRONTEND_BUYER,1,1,1,1
49,Brianne,Ricciardelli,Cleverley,III,9/17/1979,bcleverley1c@mapy.cz,49,,ROLE_FRONTEND_BUYER,0,0,1,1
50,Scarlett,Larrett,Cathcart,Jr,1/10/1984,scathcart1d@technorati.com,50,,ROLE_FRONTEND_BUYER,1,1,1,1
51,Jedidiah,Scrimshire,MacLure,III,1/29/1975,jmaclure1e@bizjournals.com,51,,ROLE_FRONTEND_BUYER,0,0,1,1
52,Ruthann,Doeg,MacFadzan,II,10/20/1991,rmacfadzan1f@wikimedia.org,52,,ROLE_FRONTEND_BUYER,1,1,1,1
53,Alvan,Bocock,Bythway,III,9/30/1977,abythway1g@seesaa.net,53,,ROLE_FRONTEND_BUYER,0,0,1,1
54,Jamie,Letterick,Wilden,IV,7/13/1984,jwilden1h@delicious.com,54,,ROLE_FRONTEND_BUYER,0,1,1,1
55,Gwennie,Faich,Insworth,III,2/5/1985,ginsworth1i@cdbaby.com,55,,ROLE_FRONTEND_BUYER,0,1,1,1
56,Cally,Holehouse,Oswald,II,6/13/1984,coswald1j@sitemeter.com,56,,ROLE_FRONTEND_BUYER,1,1,1,1
57,Arne,Juszkiewicz,Olle,IV,2/3/1997,aolle1k@reference.com,57,,ROLE_FRONTEND_BUYER,1,1,1,1
58,Conway,Downie,Blant,Jr,8/7/1969,cblant1l@nifty.com,58,,ROLE_FRONTEND_BUYER,0,0,1,1
59,Bobbie,Cardoso,Linstead,III,8/25/1962,blinstead1m@home.pl,59,,ROLE_FRONTEND_BUYER,1,1,1,1
60,Stephenie,Hankard,Brugden,III,4/1/1973,sbrugden1n@mit.edu,60,,ROLE_FRONTEND_BUYER,0,1,1,1
61,Issiah,Gommey,Applebee,III,4/5/1961,iapplebee1o@nymag.com,61,,ROLE_FRONTEND_BUYER,0,0,1,1
62,Cristabel,Ackwood,Southerill,III,9/8/1990,csoutherill1p@shareasale.com,62,,ROLE_FRONTEND_BUYER,1,0,1,1
63,Jodi,Segoe,Godspeede,IV,7/3/1980,jgodspeede1q@macromedia.com,63,,ROLE_FRONTEND_BUYER,0,1,1,1
64,Tallie,Marchment,Pipping,Jr,12/16/1994,tpipping1r@who.int,64,,ROLE_FRONTEND_BUYER,1,1,1,1
65,Ashlin,Sheilds,Gagg,III,4/19/1999,agagg1s@gnu.org,65,,ROLE_FRONTEND_BUYER,1,1,1,1
66,Jaquenetta,Edden,Kift,Jr,7/21/1981,jkift1t@soundcloud.com,66,,ROLE_FRONTEND_BUYER,1,1,1,1
67,Alastair,Tupling,Francom,Sr,4/11/1976,afrancom1u@issuu.com,67,,ROLE_FRONTEND_BUYER,0,0,1,1
68,Dennis,Vaggs,Pyrton,Jr,11/18/1987,dpyrton1v@mlb.com,68,,ROLE_FRONTEND_BUYER,0,1,1,1
69,Chaddy,Wohlers,Stonelake,Sr,6/24/1976,cstonelake1w@moonfruit.com,69,,ROLE_FRONTEND_BUYER,0,0,1,1
70,Lissie,Tootin,Lilion,Sr,2/16/1982,llilion1x@phoca.cz,70,,ROLE_FRONTEND_BUYER,0,1,1,1
71,Melisa,Yushmanov,Haggerty,IV,11/5/1997,mhaggerty1y@marriott.com,71,,ROLE_FRONTEND_BUYER,1,1,1,1
72,Welch,De Biaggi,Hattam,Sr,4/22/1962,whattam1z@seesaa.net,72,,ROLE_FRONTEND_BUYER,0,1,1,1
73,Euphemia,Hames,Magovern,Sr,2/11/1978,emagovern20@diigo.com,73,,ROLE_FRONTEND_BUYER,1,0,1,1
74,Robin,Hugonnet,Dresse,Jr,9/13/1972,rdresse21@geocities.com,74,,ROLE_FRONTEND_BUYER,1,0,1,1
75,Eldin,Soaper,Haldon,III,5/1/1997,ehaldon22@themeforest.net,75,,ROLE_FRONTEND_BUYER,0,1,1,1
76,Nikolas,Duferie,Frantsev,Jr,2/27/1967,nfrantsev23@redcross.org,76,,ROLE_FRONTEND_BUYER,1,0,1,1
77,Cordelia,Druce,Eouzan,Jr,6/21/1978,ceouzan24@tinyurl.com,77,,ROLE_FRONTEND_BUYER,0,1,1,1
78,Germana,Banishevitz,Atterley,IV,1/16/1976,gatterley25@amazon.co.uk,78,,ROLE_FRONTEND_BUYER,0,1,1,1
79,Marice,Kopec,Boich,IV,2/10/1993,mboich26@hostgator.com,79,,ROLE_FRONTEND_BUYER,1,0,1,1
80,Donelle,Minchindon,Yansons,IV,6/5/1979,dyansons27@devhub.com,80,,ROLE_FRONTEND_BUYER,0,1,1,1
81,Corene,Spillard,Offill,III,10/7/1966,coffill28@printfriendly.com,81,,ROLE_FRONTEND_BUYER,1,1,1,1
82,Bette-ann,Pittem,Foxwell,II,3/6/1999,bfoxwell29@sun.com,82,,ROLE_FRONTEND_BUYER,1,0,1,1
83,Harbert,Mearing,Scarsbrick,Jr,3/17/1973,hscarsbrick2a@jiathis.com,83,,ROLE_FRONTEND_BUYER,0,0,1,1
84,Jedd,Lange,Tolmie,Sr,3/30/1978,jtolmie2b@digg.com,84,,ROLE_FRONTEND_BUYER,1,1,1,1
85,Papagena,Hawthorne,O'Halligan,II,8/23/1985,pohalligan2c@feedburner.com,85,,ROLE_FRONTEND_BUYER,0,0,1,1
86,Annette,Papworth,Guilliatt,Sr,7/27/1976,aguilliatt2d@histats.com,86,,ROLE_FRONTEND_BUYER,0,1,1,1
87,Kimberly,Nutter,Marriner,Jr,2/26/1962,kmarriner2e@skype.com,87,,ROLE_FRONTEND_BUYER,1,0,1,1
88,Susi,Westwood,Leeves,III,10/6/1999,sleeves2f@zdnet.com,88,,ROLE_FRONTEND_BUYER,0,0,1,1
89,Anabal,Cribbins,Upham,II,3/13/1997,aupham2g@google.com.au,89,,ROLE_FRONTEND_BUYER,1,1,1,1
90,Kleon,Moorrud,Johantges,IV,9/22/1981,kjohantges2h@washington.edu,90,,ROLE_FRONTEND_BUYER,1,1,1,1
91,Kelcey,Danson,Threlkeld,IV,12/30/1986,kthrelkeld2i@vistaprint.com,91,,ROLE_FRONTEND_BUYER,0,1,1,1
92,Pooh,Stollard,Painter,IV,4/8/1965,ppainter2j@wix.com,92,,ROLE_FRONTEND_BUYER,1,1,1,1
93,Carlotta,Gregoratti,Bownde,Sr,1/14/1988,cbownde2k@reddit.com,93,,ROLE_FRONTEND_BUYER,1,1,1,1
94,Darrel,Tregust,Asee,III,7/6/1988,dasee2l@cornell.edu,94,,ROLE_FRONTEND_BUYER,0,1,1,1
95,Fraze,Klaaasen,Pierce,Sr,5/28/1965,fpierce2m@unicef.org,95,,ROLE_FRONTEND_BUYER,1,1,1,1
96,Weider,Cranmere,Venner,Sr,5/4/1977,wvenner2n@telegraph.co.uk,96,,ROLE_FRONTEND_BUYER,0,0,1,1
97,George,Oates,Bozworth,Jr,8/2/1994,gbozworth2o@mashable.com,97,,ROLE_FRONTEND_BUYER,1,1,1,1
98,Rene,Longo,Knevit,IV,11/21/1993,rknevit2p@tumblr.com,98,,ROLE_FRONTEND_BUYER,0,0,1,1
99,Sibella,Dunderdale,Kingsford,II,7/25/1979,skingsford2q@ehow.com,99,,ROLE_FRONTEND_BUYER,0,0,1,1
100,Quincey,Quye,Aleksahkin,Jr,10/9/1996,qaleksahkin2r@berkeley.edu,100,,ROLE_FRONTEND_BUYER,1,0,1,1
